Data,Otwarcie,Najwyzszy,Najnizszy,Zamkniecie,Wolumen
2012-01-02,2150.6,2199,2143.87,2194.11,9743950
2012-01-03,2203.07,2207.93,2184.1,2204.27,35639348
2012-01-04,2197.87,2200.78,2160.82,2183.98,53626894
2012-01-05,2181.38,2181.38,2133.77,2157.43,19517064
2012-01-09,2164.2,2164.2,2126.71,2126.71,22781829
2012-01-10,2140.68,2164.57,2134.01,2138.06,26790974
2012-01-11,2151.91,2155.59,2119.32,2131,25183819
2012-01-12,2133.78,2183.29,2130.67,2166.99,25221052
2012-01-13,2182.11,2192.63,2147.67,2166.38,16137326
2012-01-16,2153.32,2185.09,2150.77,2182.94,17438271
2012-01-17,2209.14,2236.08,2207.21,2207.87,38577577
2012-01-18,2225.97,2235.94,2204.98,2228.09,29851535
2012-01-19,2239.67,2244.38,2200.99,2244.38,35769956
2012-01-20,2243.23,2261.02,2232.64,2261.02,41967272
2012-01-23,2260.36,2274.91,2252.88,2265.75,25812477
2012-01-24,2266.41,2272.49,2251.21,2264.78,23685512
2012-01-25,2276.68,2279.95,2243.1,2252.99,29830569
2012-01-26,2265.61,2326.72,2259.38,2305.55,44152683
2012-01-27,2307.13,2330.56,2302,2306.37,32741246
2012-01-30,2299.47,2316.62,2286.35,2316.62,15435754
2012-01-31,2323.93,2356.21,2322.04,2332.17,34472945
2012-02-01,2335.04,2370.59,2333.17,2363.6,26780710
2012-02-02,2378.68,2380.42,2357.39,2371.09,22622172
2012-02-03,2368.73,2397.61,2362.07,2374.47,19969189
2012-02-06,2370.99,2390.27,2362.6,2390.27,19570088
2012-02-07,2390.97,2401.5,2358.43,2374.64,35003651
2012-02-08,2383.73,2391.17,2368.1,2376.65,28130735
2012-02-09,2388.62,2394.96,2352.29,2364.29,25001629
2012-02-10,2353.62,2358.66,2324.97,2324.97,22562672
2012-02-13,2345.79,2350.46,2331.09,2342.29,11056385
2012-02-14,2342.57,2360.73,2327.84,2329.32,25767674
2012-02-15,2351,2353.78,2326.16,2335.41,26576722
2012-02-16,2320.82,2346.47,2316.11,2319.33,24568121
2012-02-17,2348.96,2359.89,2342.81,2359.89,18284322
2012-02-20,2369.07,2379.84,2348.92,2348.92,18455826
2012-02-21,2365.77,2366.33,2339.39,2352.13,14951997
2012-02-22,2358.24,2358.24,2317.32,2328.36,25845479
2012-02-23,2313.12,2335.49,2297.46,2297.46,35150118
2012-02-24,2316.1,2327.63,2308.94,2311.89,28133552
2012-02-27,2314.36,2314.36,2288.23,2313.28,20459428
2012-02-28,2322.87,2328.62,2308.22,2319.3,16789907
2012-02-29,2339.3,2342,2309.11,2317.11,31721713
2012-03-01,2297.7,2320.89,2293.08,2320.89,19161334
2012-03-02,2316.97,2332.06,2309.54,2325.26,18665374
2012-03-05,2307.69,2315.66,2281.57,2284.32,20789704
2012-03-06,2280.96,2283.73,2240.67,2249.56,21109467
2012-03-07,2245.63,2265.61,2235.96,2265.61,24219121
2012-03-08,2268.27,2296.59,2261.59,2296.59,34215042
2012-03-09,2301.83,2309.33,2282.86,2286.02,20312459
2012-03-12,2288.12,2296.12,2275.89,2292.12,15219818
2012-03-13,2298.67,2301.95,2283.17,2298.33,34142627
2012-03-14,2322.79,2343.1,2317.3,2337.46,37235034
2012-03-15,2335.29,2344.17,2328.17,2344.17,24418218
2012-03-16,2341.49,2352.28,2333.79,2337.92,67150985
2012-03-19,2337.99,2337.99,2316.99,2324.3,40942411
2012-03-20,2324.33,2325.79,2296.94,2299.76,48598220
2012-03-21,2303.28,2315.72,2290.61,2298.42,44908875
2012-03-22,2296.61,2297.1,2251.26,2261.86,54277544
2012-03-23,2265.42,2284.34,2246.19,2284.34,58958880
2012-03-26,2281.72,2310.55,2271.36,2305.12,21939756
2012-03-27,2329.13,2334.96,2314.52,2323.63,38752046
2012-03-28,2313.54,2329,2299.85,2307.52,30659583
2012-03-29,2291.31,2293.43,2266.41,2271.36,38889483
2012-03-30,2287.98,2294.05,2273.34,2286.53,43011151
2012-04-02,2286.36,2303.84,2275.13,2300.97,43230003
2012-04-03,2307.94,2313.81,2298.69,2298.69,31279919
2012-04-04,2286.19,2287.14,2257.06,2257.06,48860358
2012-04-05,2267.42,2271.48,2241.73,2263.35,36298388
2012-04-10,2252.5,2260.07,2226.01,2226.18,31134282
2012-04-11,2228.34,2256.72,2213.05,2251.89,65451079
2012-04-12,2256.06,2278.58,2245.08,2278.58,74110501
2012-04-13,2275.67,2278.11,2249.93,2249.93,64585959
2012-04-16,2244.33,2261.58,2241.69,2251.37,53776436
2012-04-17,2251.57,2276.89,2243.66,2271.2,40979658
2012-04-18,2274.01,2275.3,2243.88,2246.37,51489855
2012-04-19,2252.42,2262.63,2226.99,2232.18,41138346
2012-04-20,2229.68,2237.86,2208.92,2221.91,28041418
2012-04-23,2212.52,2215.18,2162.9,2167.13,43812978
2012-04-24,2177.07,2183.65,2157.33,2180.35,39082635
2012-04-25,2183.27,2212.63,2180.29,2185.89,40211977
2012-04-26,2200.71,2213.36,2192.4,2209.63,37362760
2012-04-27,2203.29,2244.3,2194.09,2244.3,31638987
2012-04-30,2245.4,2245.51,2230.19,2240.57,23336151
2012-05-02,2249.14,2251.74,2218.79,2225.96,24623558
2012-05-04,2218.98,2225.51,2204.11,2210.08,43478530
2012-05-07,2179,2217.4,2177.36,2217.4,23189796
2012-05-08,2205.94,2210.95,2168.35,2168.35,36214036
2012-05-09,2177.73,2185.08,2151.6,2168.49,25851799
2012-05-10,2179.57,2189.88,2169.63,2187.54,33627725
2012-05-11,2173.41,2178.77,2158.47,2178.77,16942495
2012-05-14,2168.04,2168.04,2126.83,2137.12,19208131
2012-05-15,2140.8,2145.19,2108.25,2111.15,19700410
2012-05-16,2090.71,2126.33,2066.94,2119.73,76187672
2012-05-17,2115.79,2121,2057.12,2057.12,44119411
2012-05-18,2035.67,2076.57,2035.67,2060.99,40194290
2012-05-21,2080.16,2102.93,2077.85,2096.35,26918151
2012-05-22,2106.24,2111.51,2082.91,2099.75,26294099
2012-05-23,2082.64,2082.64,2038.14,2038.14,36977929
2012-05-24,2052.18,2053.57,2009.3,2035.8,38549330
2012-05-25,2048.71,2063.66,2020.47,2037.18,23625680
2012-05-28,2055.14,2062.62,2047.58,2055.69,18028626
2012-05-29,2058.69,2092.61,2044.48,2090.74,19134825
2012-05-30,2075.64,2085.96,2056.07,2072.09,25880318
2012-05-31,2070.15,2096.35,2065.91,2096.35,51933737
2012-06-01,2088.74,2100.13,2048.14,2071.54,32118521
2012-06-04,2065.45,2086.35,2055.16,2077.76,16814021
2012-06-05,2081.21,2083.62,2039.72,2039.72,16425853
2012-06-06,2058.41,2110.91,2057.86,2110.91,24890814
2012-06-08,2087.66,2153.86,2082.76,2153.86,53527536
2012-06-11,2167.34,2181.56,2162.57,2164.7,31794731
2012-06-12,2162.39,2216.79,2161.56,2213.31,50046715
2012-06-13,2215.92,2232.9,2201.59,2209.11,24639180
2012-06-14,2210.65,2220.06,2200.59,2207.85,29733293
2012-06-15,2207.35,2248.11,2206.75,2233.38,112666686
2012-06-18,2259.05,2263.34,2219.09,2228.36,35324781
2012-06-19,2223.9,2271.72,2223.9,2270.94,46163096
2012-06-20,2265.73,2276.39,2255.72,2260.76,30409000
2012-06-21,2246.58,2257.96,2235.2,2245.58,38392266
2012-06-22,2223.16,2246.45,2219.61,2242.15,28541191
2012-06-25,2230.55,2231.52,2208.35,2208.35,19050536
2012-06-26,2223.2,2259.94,2220.23,2252.23,31438346
2012-06-27,2253.63,2276.19,2245.79,2276.19,26865567
2012-06-28,2272.48,2272.64,2229.73,2238.18,23835281
2012-06-29,2272.27,2275.3,2252.73,2275.3,32967552
2012-07-02,2266.57,2276.01,2248.64,2254.86,13455669
2012-07-03,2261.42,2277.86,2256.3,2270.54,23212779
2012-07-04,2267.59,2273.15,2251.92,2262.27,32016951
2012-07-05,2268.93,2302.06,2264.1,2287.47,27848704
2012-07-06,2288.63,2294.5,2258.11,2273.28,22170584
2012-07-09,2263.46,2268.51,2237.99,2241.55,17623113
2012-07-10,2244.71,2253.55,2228.91,2247.02,16257488
2012-07-11,2240.95,2245.91,2212.72,2221.15,31587457
2012-07-12,2147.47,2166.35,2142.07,2153.9,35871573
2012-07-13,2167.91,2192.71,2162.23,2191.41,25741929
2012-07-16,2193.26,2193.36,2175.84,2188.92,12047499
2012-07-17,2188.67,2198.5,2179.74,2190.9,37065082
2012-07-18,2188.65,2190.51,2163.31,2184.83,23455604
2012-07-19,2192.34,2198.92,2172.32,2198.92,26099373
2012-07-20,2193.57,2198.07,2168.51,2172.56,31254734
2012-07-23,2140.94,2144.73,2097.57,2101.1,26050239
2012-07-24,2104.32,2115.12,2089.08,2114.51,21482629
2012-07-25,2102.84,2136.74,2099.37,2118.73,24092794
2012-07-26,2122.35,2152.56,2110.1,2114.71,26136129
2012-07-27,2149.1,2168.36,2141.46,2162.64,28487618
2012-07-30,2168.5,2191.93,2160.29,2190.68,14144790
2012-07-31,2184.13,2194.07,2168.92,2185.67,28333512
2012-08-01,2181.33,2188.76,2174.75,2188.63,19152015
2012-08-02,2185.29,2206.88,2162.44,2170.95,17691222
2012-08-03,2173.78,2229.01,2173.58,2222.64,18014510
2012-08-06,2226.56,2261.97,2223.2,2261.97,18018176
2012-08-07,2258.61,2273.33,2250.33,2266.53,22242939
2012-08-08,2257.87,2269.33,2247.82,2269.33,18212771
2012-08-09,2282.73,2322.95,2270.22,2319.42,34931704
2012-08-10,2307.49,2326.61,2301.64,2313.09,28003903
2012-08-13,2304.41,2335.5,2298.32,2311.84,15388661
2012-08-14,2325.25,2331.65,2312.59,2317.7,29146591
2012-08-16,2328.7,2351.03,2324.91,2343.94,48072745
2012-08-17,2344.85,2351.85,2311.67,2313.69,23027463
2012-08-20,2294.42,2301.37,2280.76,2281.86,24688517
2012-08-21,2297.6,2313.24,2297.6,2299.36,25940807
2012-08-22,2290.7,2295.14,2273.59,2279.15,23018943
2012-08-23,2291.25,2291.95,2265.42,2278.08,23788622
2012-08-24,2274.41,2289.38,2263.98,2283.08,20260537
2012-08-27,2281.74,2294.6,2274.55,2276.94,12386637
2012-08-28,2257.69,2263.87,2250.21,2253.26,20726812
2012-08-29,2259.6,2260.22,2235.53,2235.53,22455654
2012-08-30,2234.48,2246.02,2224.38,2227.08,50183754
2012-08-31,2235.03,2267.15,2233.08,2258.29,44812952
2012-09-03,2261.63,2282.64,2260.06,2265.07,17363584
2012-09-04,2264.13,2268.78,2247.56,2248.48,13234456
2012-09-05,2250.76,2269.55,2244.78,2260.87,25209737
2012-09-06,2267.91,2300.52,2266.88,2296.88,27883565
2012-09-07,2299.28,2325.94,2299.28,2317.21,37902507
2012-09-10,2318.43,2338.44,2318.2,2335.29,32094763
2012-09-11,2325.37,2352.88,2318.89,2352.88,17510306
2012-09-12,2357.48,2364.05,2338.28,2347.22,29301855
2012-09-13,2345.1,2353.51,2330.83,2353.51,38690363
2012-09-14,2408.81,2424.09,2396.47,2417.32,78410485
2012-09-17,2408.57,2420.76,2400.96,2403.23,20786552
2012-09-18,2397.82,2405.41,2386.71,2405.41,54709567
2012-09-19,2410.46,2422.1,2401.55,2416.64,41015163
2012-09-20,2398.78,2399.71,2378.6,2387.45,39983114
2012-09-21,2391.39,2395.73,2372.93,2380.32,46415310
2012-09-24,2375.26,2376.91,2355.86,2367.42,29005235
2012-09-25,2368.51,2386.63,2364.67,2382.03,27665480
2012-09-26,2354.51,2358.18,2346.97,2357.34,28406848
2012-09-27,2360.68,2375.96,2353.07,2375.96,33085975
2012-09-28,2378.73,2382.92,2360.85,2371.42,50370619
2012-10-01,2363.98,2399.93,2357.28,2399.8,38583747
2012-10-02,2397.09,2416.45,2394.16,2399.29,58186781
2012-10-03,2398.38,2407.4,2379.68,2388.78,49702097
2012-10-04,2398.13,2400.63,2370.18,2370.18,25306410
2012-10-05,2377,2411.07,2374.77,2411.07,26125176
2012-10-08,2399.62,2407.66,2390.59,2400.99,48661303
2012-10-09,2400.6,2404.61,2373.74,2376.24,43433036
2012-10-10,2372.7,2392.33,2364.07,2392.33,47523033
2012-10-11,2385.44,2403.38,2383.67,2394.21,36622571
2012-10-12,2387.39,2393.19,2370.33,2375.91,24351556
2012-10-15,2371.08,2382.07,2367.3,2377.22,22852482
2012-10-16,2389.51,2400.73,2384.86,2397.98,23209469
2012-10-17,2396.22,2398.28,2373.23,2391.57,73707865
2012-10-18,2397.01,2406.79,2382.06,2397.93,42105553
2012-10-19,2397.19,2397.19,2350.25,2350.25,42326948
2012-10-22,2354.3,2361.73,2344.65,2350.61,23107477
2012-10-23,2351.51,2351.99,2310.25,2310.25,28250493
2012-10-24,2317.75,2326.95,2304.3,2321.53,22726049
2012-10-25,2326.25,2330.58,2314.97,2328.61,39840788
2012-10-26,2308.8,2327.2,2303.33,2320.08,18396593
2012-10-29,2313.94,2321.53,2311.12,2316.38,22171457
2012-10-30,2315.31,2327.47,2315.31,2323.32,17571706
2012-10-31,2322.89,2341.79,2313.42,2317.56,20855809
2012-11-02,2329,2345.99,2316,2345.99,37392509
2012-11-05,2325.79,2348.04,2321.85,2343.9,18516846
2012-11-06,2349.43,2350.98,2337.84,2342.79,65644545
2012-11-07,2347.41,2353.23,2321.61,2325.15,29179595
2012-11-08,2324.58,2338.06,2317.51,2338.06,26163222
2012-11-09,2331.55,2333.16,2306.35,2323.97,28842867
2012-11-12,2319.92,2343.61,2318.8,2335.02,26064603
2012-11-13,2333.58,2354.3,2325.13,2354.3,30346618
2012-11-14,2355.67,2383.38,2349.43,2366.77,51104486
2012-11-15,2360.33,2382.29,2354.76,2371.77,44780508
2012-11-16,2373.12,2383.53,2367.74,2367.74,36731026
2012-11-19,2379.67,2409.8,2377.8,2404.36,33118925
2012-11-20,2404.86,2407.14,2389.52,2404.88,29134454
2012-11-21,2401.23,2404.31,2381.43,2385.95,20967390
2012-11-22,2386.18,2392.36,2374.31,2374.31,18981145
2012-11-23,2382.08,2398.39,2370.15,2398.39,23345856
2012-11-26,2398.63,2413.28,2388.54,2405.82,24874923
2012-11-27,2421.54,2423.98,2400.09,2407.06,37168637
2012-11-28,2396.9,2407.42,2389.72,2401.54,43369565
2012-11-29,2415.44,2424.47,2410.79,2410.79,28037478
2012-11-30,2413.43,2421.54,2404.34,2421.54,49033084
2012-12-03,2419.92,2447.09,2419.92,2442.58,28685992
2012-12-04,2438.88,2466.85,2436.62,2457.52,24526350
2012-12-05,2471.17,2481.51,2457.74,2468.85,37739394
2012-12-06,2475.1,2486.42,2461.77,2485.44,36933841
2012-12-07,2483.94,2484.23,2450.74,2450.74,26182945
2012-12-10,2450.99,2476.53,2448.64,2476.53,29673359
2012-12-11,2480.06,2512.64,2478.83,2512.64,52253005
2012-12-12,2519.53,2528.28,2502.27,2525.4,55185993
2012-12-13,2527.39,2529.86,2507.24,2518.8,21971345
2012-12-14,2520.97,2536.8,2513.66,2536.8,36748511
2012-12-17,2532.75,2551.53,2527.73,2551.53,47507226
2012-12-18,2558.71,2575.81,2555.4,2575.81,48074316
2012-12-19,2578.06,2607.08,2578.06,2602.51,103554678
2012-12-20,2587.03,2609.06,2583.67,2593.73,80548382
2012-12-21,2578.19,2584.34,2554.4,2583.06,107254873
2012-12-27,2581.96,2613.33,2577.79,2600.67,44735075
2012-12-28,2613.76,2618.06,2582.98,2582.98,50102327
2013-01-02,2618.86,2634.18,2614.16,2626.21,28243538
2013-01-03,2617.93,2628.36,2609.11,2628.36,39118699
2013-01-04,2615.09,2617.13,2592.47,2601.73,64091407
2013-01-07,2600.21,2602.15,2572.42,2578.48,23152257
2013-01-08,2571.61,2590.51,2555.12,2562.63,34913834
2013-01-09,2564.38,2570.15,2551.21,2567.59,34702753
2013-01-10,2572.11,2587.5,2550.52,2573.62,37693085
2013-01-11,2573.78,2575.5,2551.92,2557.93,21522782
2013-01-14,2567.29,2579.96,2554.54,2560.14,22636612
2013-01-15,2549.83,2554.19,2526.39,2532.42,25383984
2013-01-16,2524.36,2565.15,2520.28,2565.15,37042412
2013-01-17,2563.8,2585.63,2557.35,2567.16,40944530
2013-01-18,2584.56,2584.99,2563.1,2572.14,20446647
2013-01-21,2570.44,2578.18,2564.17,2573.67,15196349
2013-01-22,2581.16,2584.11,2557.5,2566.6,19423454
2013-01-23,2552.99,2573.61,2547.14,2558.39,40864378
2013-01-24,2561.17,2571.24,2549.45,2568.63,44572994
2013-01-25,2571.7,2576.66,2533.01,2542.32,34391895
2013-01-28,2534.4,2539.89,2511.5,2521.5,28120036
2013-01-29,2525.08,2525.22,2503.97,2524.36,33039711
2013-01-30,2501.65,2524.19,2490.37,2496.15,48904076
2013-01-31,2499,2503.27,2480.56,2492.76,57208587
2013-02-01,2497.28,2507.45,2493.77,2499.19,43498500
2013-02-04,2511.9,2520.16,2469.73,2469.73,37370824
2013-02-05,2475.86,2485.25,2473.16,2485.25,25052568
2013-02-06,2491.04,2494.26,2455.47,2455.47,56234474
2013-02-07,2458.97,2487.42,2454.2,2467.45,66990414
2013-02-08,2481.34,2500.4,2476.37,2495.42,43248138
2013-02-11,2501.76,2508.47,2489.69,2497.88,44602904
2013-02-12,2492.42,2513.11,2462.43,2470.48,102431436
2013-02-13,2470.45,2480.63,2462.69,2471.21,99134562
2013-02-14,2471.87,2476.36,2443.87,2456.36,52872628
2013-02-15,2448.93,2474.63,2443.72,2467.63,40522382
2013-02-18,2475.15,2485.03,2473.66,2476.01,33332426
2013-02-19,2476.62,2493.83,2470.95,2477.19,42692707
2013-02-20,2468.93,2476.67,2438.72,2443.16,48673223
2013-02-21,2432.27,2436.47,2407.65,2436.47,40654254
2013-02-22,2438.8,2441.02,2423.74,2437.24,35181640
2013-02-25,2440.83,2466.39,2433.7,2454.92,28463216
2013-02-26,2421.67,2433.03,2420.82,2428.57,38177700
2013-02-27,2439.27,2450.36,2431.56,2450.36,29122359
2013-02-28,2458.75,2462.32,2443.26,2452.01,43338280
2013-03-01,2441.18,2453.03,2428.72,2452.86,35545352
2013-03-04,2440.98,2445.8,2432.2,2438.97,32691125
2013-03-05,2450.45,2477.68,2450.16,2477.68,53477898
2013-03-06,2482.25,2498.61,2477.94,2481.36,47545420
2013-03-07,2478.96,2485,2471.46,2474.7,29561629
2013-03-08,2485.48,2505.66,2480.86,2490.7,26154320
2013-03-11,2491.79,2494.14,2476.03,2479.2,20958934
2013-03-12,2480.19,2486.86,2473.77,2482.39,13381898
2013-03-13,2478.34,2484.37,2467.99,2473.95,24118150
2013-03-14,2471.85,2510.5,2470.73,2498.84,38677125
2013-03-15,2513.49,2518.12,2484.55,2486.3,77873753
2013-03-18,2458.58,2468.03,2439.52,2453.9,26893880
2013-03-19,2450.53,2455.39,2419.94,2421.94,21472643
2013-03-20,2428.64,2440.66,2420.21,2422.61,28433618
2013-03-21,2435.54,2435.76,2388.28,2395.82,43184880
2013-03-22,2391.08,2391.84,2367.71,2370.02,64503752
2013-03-25,2401.48,2401.48,2334.87,2339.48,28172996
2013-03-26,2346.5,2356.06,2330.45,2353.41,45081156
2013-03-27,2356.68,2385.27,2341.38,2385.27,37066114
2013-03-28,2368.15,2389.19,2355.28,2370.07,38119170
2013-04-02,2373.73,2382.59,2365.11,2375.67,19024392
2013-04-03,2372.45,2373.55,2325.35,2336.45,30677652
2013-04-04,2336.22,2349.55,2318.03,2342.64,33472158
2013-04-05,2347.74,2361.08,2330.98,2346.37,41114530
2013-04-08,2364.48,2376.85,2344.72,2344.72,32439570
2013-04-09,2357.88,2361.57,2338.26,2347.1,37002869
2013-04-10,2351.58,2382.72,2348.91,2370.51,49278128
2013-04-11,2382.68,2409.02,2373.77,2409.02,33477085
2013-04-12,2403.47,2406.11,2386.89,2397.08,23301304
2013-04-15,2381.83,2394.29,2330.61,2350.08,39359114
2013-04-17,2368.16,2368.16,2297.97,2304.59,60625942
2013-04-18,2296.87,2306.47,2269.22,2269.22,43731530
2013-04-19,2283.21,2287.38,2257.39,2277.71,88934014
2013-04-22,2287.58,2303.18,2271.7,2278.07,27703915
2013-04-23,2271.65,2276.35,2251.8,2273.47,95066306
2013-04-24,2282.98,2289.49,2255.07,2286.71,172084268
2013-04-25,2294.25,2296.92,2268.42,2288.09,182101526
2013-04-26,2290.17,2305.34,2280.57,2294.06,165056583
2013-04-29,2304.01,2312.31,2296.86,2303.18,190825581
2013-04-30,2307.57,2319.15,2277.86,2319.15,153484077
2013-05-02,2315.66,2329.23,2305.25,2305.9,38480697
2013-05-06,2323.45,2339.22,2312.17,2339.22,34398053
2013-05-07,2334.06,2360.18,2330.08,2347.82,29622466
2013-05-08,2352.94,2367.91,2350.27,2367.91,23545958
2013-05-09,2373.45,2376.32,2344.01,2348.95,40552283
2013-05-10,2348.88,2356.83,2332.43,2338.16,25695956
2013-05-13,2332.79,2357.28,2331.35,2354.34,22248183
2013-05-14,2360.01,2391.5,2348.58,2386.81,37086448
2013-05-15,2401.86,2408.86,2384.54,2408.86,27079105
2013-05-16,2404.35,2405.1,2386.66,2390.32,32719434
2013-05-17,2385.95,2404.39,2382.36,2391.07,31185651
2013-05-20,2399.34,2413.42,2376.78,2376.78,24569132
2013-05-21,2387.95,2392.72,2368.6,2370.32,17498383
2013-05-22,2384.49,2385.49,2366.59,2371.95,33208186
2013-05-23,2333.88,2366,2330.01,2359.42,41774935
2013-05-24,2365.83,2394.02,2365.83,2384.58,39843843
2013-05-27,2398,2451.06,2397.84,2451.06,21065087
2013-05-28,2460.62,2488.85,2454.17,2469.37,33711707
2013-05-29,2460.67,2476.84,2453.84,2463.37,38274112
2013-05-31,2452.28,2485.5,2452.28,2485.5,85871978
2013-06-03,2455.33,2471.68,2439.05,2443.65,32230641
2013-06-04,2453.83,2467.14,2451.9,2462.92,22388902
2013-06-05,2456.38,2473.41,2447.58,2461.51,25987261
2013-06-06,2459.51,2467.03,2444.58,2446.29,33330719
2013-06-07,2448.36,2505.57,2445.28,2488.84,26202724
2013-06-10,2492.19,2512.99,2492.19,2503.41,34371843
2013-06-11,2498.95,2499.93,2473.16,2484.11,24682292
2013-06-12,2484.07,2496.04,2475.94,2481.6,57311708
2013-06-13,2457.15,2482.96,2450.62,2472.75,65353770
2013-06-14,2490.35,2497.1,2474.87,2478.43,34411639
2013-06-17,2484.38,2486.16,2457.96,2463.37,63515470
2013-06-18,2469.67,2472.68,2450.08,2455.15,29491067
2013-06-19,2450.49,2450.49,2412.52,2413.4,28375582
2013-06-20,2390.34,2398.75,2297.91,2297.91,59304171
2013-06-21,2300.11,2317.63,2215.6,2233.64,158063472
2013-06-24,2239.58,2256.87,2225.68,2244.27,30158168
2013-06-25,2254.47,2263.12,2243.15,2246.69,26989143
2013-06-26,2193.97,2262.26,2180.72,2246.66,39418348
2013-06-27,2258.62,2261.24,2150.82,2177.02,38756412
2013-06-28,2182.29,2245.64,2161.32,2245.64,42862322
2013-07-01,2246.74,2258.19,2230.86,2237.25,18086361
2013-07-02,2248.42,2296,2231.14,2284.76,25533882
2013-07-03,2260.29,2275.81,2233.6,2262.92,23847967
2013-07-04,2271.27,2292.4,2258.73,2287.54,12449473
2013-07-05,2293.84,2295.73,2243.43,2253.49,19623995
2013-07-08,2259.32,2265.29,2223.28,2223.28,14065811
2013-07-09,2236.28,2237.85,2200.11,2218.77,17260494
2013-07-10,2203.49,2246.47,2199.28,2244.63,17169742
2013-07-11,2275.84,2283.06,2269.38,2279.09,16235926
2013-07-12,2279.7,2309.37,2269.47,2302.81,21599589
2013-07-15,2298.88,2307.57,2286.8,2305.78,12012786
2013-07-16,2309.76,2310.57,2292.46,2303.05,18834705
2013-07-17,2298.26,2320.76,2287.4,2309.79,17803783
2013-07-18,2310.93,2313,2277.94,2300.33,16313014
2013-07-19,2291.48,2315.38,2284.32,2313.31,10242797
2013-07-22,2320.26,2325.31,2304.54,2311.49,11191856
2013-07-23,2317.65,2328.12,2310.2,2327.28,16194656
2013-07-24,2318.02,2333.88,2310.47,2324.17,18692047
2013-07-25,2321.49,2323.1,2294.54,2317.8,16485439
2013-07-26,2308.7,2312.11,2289.47,2291.1,11054087
2013-07-29,2293.44,2299.26,2281.5,2299.26,9062176
2013-07-30,2304.88,2308.73,2294.27,2307.79,11024059
2013-07-31,2304.79,2349.54,2302.31,2326.59,29988263
2013-08-01,2345.38,2359.56,2339.28,2351.14,16343347
2013-08-02,2359.12,2408.98,2356.43,2401.85,24767893
2013-08-05,2410.42,2411.63,2394.88,2405.73,12275416
2013-08-06,2400.68,2401.67,2362.61,2366.74,19541318
2013-08-07,2361.26,2381.35,2350.96,2380.01,15362940
2013-08-08,2387.07,2431.15,2386.33,2406.4,22235951
2013-08-09,2414.84,2420.22,2387.28,2414.28,14669208
2013-08-12,2415.45,2447.19,2403.27,2440.05,18925342
2013-08-13,2449.95,2457.28,2425.62,2442.3,17631870
2013-08-14,2437.2,2475.83,2436.01,2461.22,25350966
2013-08-16,2457.38,2463.17,2443.88,2445.6,12990262
2013-08-19,2447.66,2447.66,2419.11,2438.83,12972064
2013-08-20,2413.26,2422.45,2397.36,2405.32,17631135
2013-08-21,2394.76,2405.6,2383.15,2383.15,18486281
2013-08-22,2386.05,2422.67,2386.05,2420.68,24807690
2013-08-23,2417.45,2432.62,2405.23,2417.23,19706528
2013-08-26,2433.1,2442.15,2417.25,2417.91,9866585
2013-08-27,2407.56,2414.27,2367.63,2367.63,19481743
2013-08-28,2368.77,2376.16,2344.57,2361.85,19051178
2013-08-29,2380.22,2383.67,2357.63,2367.84,20498123
2013-08-30,2376.84,2384.22,2352.82,2384.22,25473915
2013-09-02,2407.47,2411.51,2394.21,2394.9,13335297
2013-09-03,2387.32,2397.51,2360.51,2367.49,26342014
2013-09-04,2372.28,2392.47,2303.27,2308.44,31824738
2013-09-05,2274.54,2283.67,2166.14,2201.5,47265924
2013-09-06,2211.27,2260.7,2210.37,2238.98,53615721
2013-09-09,2259.44,2290.86,2247.26,2290.86,23120272
2013-09-10,2315.44,2357.25,2310.73,2357.25,38577849
2013-09-11,2354.82,2380.01,2333.06,2380.01,24595415
2013-09-12,2370.07,2399.23,2366.58,2399.23,25045088
2013-09-13,2388.44,2394.83,2374.65,2375.44,20464562
2013-09-16,2409.96,2410.55,2354.47,2354.66,18224910
2013-09-17,2340.8,2365.36,2332.83,2365.36,17310155
2013-09-18,2361.7,2375.47,2350.42,2363.78,15422619
2013-09-19,2418.02,2421.13,2391.65,2410.92,31957574
2013-09-20,2408.89,2417.41,2387.69,2408.16,32915056
2013-09-23,2399.44,2417.15,2379.19,2388.66,42602017
2013-09-24,2392.96,2400.05,2380.16,2393.06,17635085
2013-09-25,2387.9,2414.74,2379.9,2407.12,32598391
2013-09-26,2418.06,2445.36,2413.93,2435.83,22239817
2013-09-27,2441,2447.95,2415.5,2422.46,24360073
2013-09-30,2402.4,2412.91,2391.53,2391.53,21515916
2013-10-01,2381.18,2413.17,2377.32,2413.17,18929307
2013-10-02,2405.63,2414.4,2390.36,2412.37,23678764
2013-10-03,2415.05,2427.4,2411.27,2420.17,18218832
2013-10-04,2412.99,2415.34,2392.04,2394.59,22902024
2013-10-07,2386.07,2386.84,2356.84,2380.18,26292297
2013-10-08,2381.62,2384.16,2366.2,2373.23,21040960
2013-10-09,2371.84,2386.56,2357.02,2384.3,18815115
2013-10-10,2395.64,2474.54,2395.64,2468.7,57199336
2013-10-11,2483.34,2500.51,2468.51,2489.64,23287609
2013-10-14,2478.93,2507.74,2474.01,2498.77,14427867
2013-10-15,2517.29,2541.69,2490.34,2490.34,27630106
2013-10-16,2492.94,2521.67,2486.75,2505.2,30754733
2013-10-17,2500.69,2514.81,2474.92,2474.92,19053776
2013-10-18,2484.74,2495.03,2454.1,2485.13,22698381
2013-10-21,2495.4,2554.61,2494.25,2554.61,28573618
2013-10-22,2560.07,2567.31,2536.21,2544.45,35547969
2013-10-23,2532.12,2538.29,2518.26,2523.32,24660544
2013-10-24,2538.93,2554.32,2532.85,2551.43,18082944
2013-10-25,2542.7,2552.33,2527.24,2537.62,20743876
2013-10-28,2556.69,2564.65,2548.54,2557.77,20065931
2013-10-29,2560.36,2587.26,2559.21,2574.6,25151594
2013-10-30,2583.42,2588.59,2545.4,2553.51,26283733
2013-10-31,2546.18,2551.48,2527.04,2528.97,17810798
2013-11-04,2546.2,2548.15,2529.36,2548.15,17756576
2013-11-05,2559.5,2562.88,2518.14,2521.41,18452996
2013-11-06,2531.14,2546.87,2527.5,2546.67,19012685
2013-11-07,2524.52,2552.91,2514.38,2527.66,15136897
2013-11-08,2509.84,2514.8,2491.74,2509.11,13163919
2013-11-12,2516.63,2523.82,2502.82,2503.6,17837736
2013-11-13,2491.28,2495.68,2460.86,2468.82,22752635
2013-11-14,2505.07,2507.49,2487.18,2499.23,20090743
2013-11-15,2512.03,2551.68,2512.03,2547.01,19716397
2013-11-18,2552.71,2622.25,2550.99,2622.25,26492916
2013-11-19,2613.37,2614.17,2597.61,2600.66,21936571
2013-11-20,2598.78,2605.43,2581.55,2594.99,24361040
2013-11-21,2578.25,2590.05,2569.08,2581.98,14391059
2013-11-22,2596.6,2599.83,2579.25,2590.48,18302475
2013-11-25,2619.94,2625.83,2597.67,2615.22,24697136
2013-11-26,2589.42,2595.28,2558.85,2573.49,29363157
2013-11-27,2572.39,2590.3,2565.9,2590.3,14776492
2013-11-28,2588.57,2594.79,2566.29,2572.72,10937459
2013-11-29,2573.18,2587.33,2567.29,2584.68,15835004
2013-12-02,2578.62,2592.45,2535.69,2535.69,15363881
2013-12-03,2543.97,2543.97,2504.9,2507.92,23691799
2013-12-04,2508.79,2516.61,2477.16,2497.76,23029376
2013-12-05,2497.6,2502.46,2478.1,2478.1,19029749
2013-12-06,2493.45,2495.37,2466.76,2479.16,25100155
2013-12-09,2501,2504.41,2478.77,2478.77,14822260
2013-12-10,2477.44,2487.11,2432.69,2474.62,26241212
2013-12-11,2467.22,2487.51,2464.84,2470.2,18243847
2013-12-12,2453.76,2456.66,2427.52,2440.61,20381714
2013-12-13,2451.37,2453.25,2411.57,2429.67,19910485
2013-12-16,2425.26,2436.68,2412.88,2433.47,20464638
2013-12-17,2430.67,2430.86,2392.26,2392.26,17416928
2013-12-18,2393.65,2421.41,2372.62,2398.49,31781156
2013-12-19,2421.79,2424.07,2364.12,2378.23,21375882
2013-12-20,2372.22,2408.84,2372.22,2408.84,59786499
2013-12-23,2431.43,2431.43,2414.19,2414.19,13582723
2013-12-27,2426.17,2426.24,2400.84,2404.35,12319588
2013-12-30,2409.44,2409.44,2395.24,2400.98,11314221
2014-01-02,2426.09,2431.86,2411.83,2430.72,10273485
2014-01-03,2417.08,2425.88,2404.28,2405.22,11123420
2014-01-07,2384.99,2385.49,2338.8,2349.6,22122691
2014-01-08,2350.34,2373.78,2331.66,2363.38,19689935
2014-01-09,2361.12,2371.63,2325.54,2325.54,22532158
2014-01-10,2322.14,2327.89,2304.1,2327.89,37030432
2014-01-13,2338.79,2375.04,2337.12,2363.88,22159582
2014-01-14,2353.62,2391.59,2346.53,2377.55,22605325
2014-01-15,2400.92,2406.15,2387.02,2396.68,20169555
2014-01-16,2401.24,2418.02,2385.58,2401.87,12989983
2014-01-17,2398.39,2402.18,2373.06,2376.28,17122629
2014-01-20,2370.21,2382.16,2360.96,2379.22,10677395
2014-01-21,2384.65,2421.26,2384.6,2411.26,17639536
2014-01-22,2423.73,2443.84,2407.73,2432.78,25181579
2014-01-23,2430.86,2440.93,2406.37,2406.37,30177020
2014-01-24,2403.38,2412.53,2347.44,2347.44,29490502
2014-01-27,2326.74,2356.88,2313.3,2318.06,30634780
2014-01-28,2335.75,2342.72,2320.05,2333.83,30829744
2014-01-29,2355.02,2367.6,2300.6,2313.34,28360235
2014-01-30,2298.52,2339.52,2279.64,2335.89,26162743
2014-01-31,2336.95,2355.89,2320.23,2355.89,31173560
2014-02-03,2360.19,2388.22,2360.19,2369.57,19523868
2014-02-04,2337.03,2372.35,2334.5,2353.8,20492206
2014-02-05,2355.6,2372.57,2348.95,2359,36569056
2014-02-06,2374.28,2419.47,2367.84,2419.47,27529853
2014-02-07,2417.92,2423.75,2405.18,2420.94,24463534
2014-02-10,2419.07,2423.82,2405.17,2411.36,15792428
2014-02-11,2412.45,2443.71,2407.32,2443.71,24262509
2014-02-12,2460.45,2486.5,2449.72,2482.58,45863563
2014-02-13,2474.61,2489.67,2466.16,2489.67,19470110
2014-02-14,2488.06,2498.11,2468.65,2482.75,19920817
2014-02-17,2487.13,2494.07,2474.01,2481.23,10957864
2014-02-18,2495.61,2496.39,2470.4,2470.87,17303361
2014-02-19,2461.82,2493.94,2454.16,2486.13,17830296
2014-02-20,2459.28,2473.08,2450.51,2462.84,20864770
2014-02-21,2482.45,2495.14,2474.99,2487.72,16422194
2014-02-24,2486.16,2526.9,2481.13,2526.9,17519921
2014-02-25,2526.12,2526.19,2504.33,2507.06,16926818
2014-02-26,2515.48,2517.19,2467.89,2478.38,26998365
2014-02-27,2476.41,2484.09,2454.13,2467.9,14737840
2014-02-28,2474.95,2522.76,2474.95,2518.53,21514197
2014-03-03,2427.93,2459.73,2389.89,2389.89,39488890
2014-03-04,2426.74,2456.86,2423.43,2442.92,26557979
2014-03-05,2439.58,2464,2437.23,2445.41,40690676
2014-03-06,2456.54,2467.11,2446.47,2460.03,23632296
2014-03-07,2459.32,2462.99,2428.02,2435.15,26510067
2014-03-10,2420.29,2429.53,2396.97,2396.97,21925537
2014-03-11,2411.29,2417.59,2384.42,2401.03,23004385
2014-03-12,2389.9,2404.87,2350.69,2369.49,27453382
2014-03-13,2378.18,2378.18,2339.37,2339.37,31286669
2014-03-14,2307.82,2341.98,2299.01,2341.98,28066123
2014-03-17,2348.91,2394.84,2344.78,2394.84,17414008
2014-03-18,2393.01,2403.4,2369.78,2379.45,30491023
2014-03-19,2385.24,2389.63,2350.74,2360.77,20053753
2014-03-20,2351.44,2389.32,2348.66,2374.37,35593589
2014-03-21,2389.97,2399.26,2365.96,2365.96,47704964
2014-03-24,2377.01,2381.22,2351.09,2361.78,12564236
2014-03-25,2367.52,2411.28,2367.52,2401.61,19405322
2014-03-26,2413.2,2436.45,2413.11,2424.59,20667712
2014-03-27,2425.24,2442.8,2416.79,2421.79,21580065
2014-03-28,2435.44,2445.94,2427.64,2433.74,17878433
2014-03-31,2447.54,2462.47,2442.57,2462.47,20589379
2014-04-01,2459.7,2467.41,2451.15,2462.77,18676041
2014-04-02,2472.4,2477.41,2458.35,2473.45,24273914
2014-04-03,2473.72,2475.67,2439.48,2449.49,16993671
2014-04-04,2448.68,2471.94,2440.44,2471.5,15692462
2014-04-07,2448.8,2463.84,2435.63,2453.35,20038651
2014-04-08,2456.24,2466.85,2439.84,2465.54,19882578
2014-04-09,2472.83,2477.4,2455.29,2461.76,36203037
2014-04-10,2472.48,2485.33,2467.52,2470.81,28825951
2014-04-11,2447.1,2464.12,2444.1,2464.12,20822191
2014-04-14,2449.44,2452.17,2426.56,2440.65,14738845
2014-04-15,2435.88,2441.96,2407.32,2407.32,17553101
2014-04-16,2421.68,2428.6,2395.09,2395.55,17793655
2014-04-17,2403.29,2433.91,2399.22,2433.91,13030176
2014-04-22,2431.46,2461.82,2430.25,2459.3,12493346
2014-04-23,2459.6,2464.48,2444.8,2453.48,17445237
2014-04-24,2454.01,2475.2,2434.41,2447.34,32053961
2014-04-25,2439.38,2448.87,2427.58,2429.8,16295369
2014-04-28,2431.39,2448.46,2430.87,2438.23,17971832
2014-04-29,2448.98,2457.08,2442.4,2451.35,19622252
2014-04-30,2453.3,2457.1,2439.09,2439.09,21329206
2014-05-02,2435.2,2441,2427.16,2432.06,10212362
2014-05-05,2430.16,2433.34,2402.2,2405.87,10847778
2014-05-06,2415.04,2417.28,2386.92,2389.3,16222211
2014-05-07,2382.41,2399.41,2371.56,2389.43,26531102
2014-05-08,2406.54,2413.31,2384.5,2403.89,17435269
2014-05-09,2412.44,2416.72,2386.65,2387.81,18563594
2014-05-12,2389.34,2412.71,2381.22,2412.71,11588323
2014-05-13,2422.76,2431.16,2411.86,2413.23,22178961
2014-05-14,2416.1,2423.04,2407.89,2421.49,20451738
2014-05-15,2413.33,2428.91,2385.72,2395.56,21061376
2014-05-16,2398.46,2398.54,2376.64,2392.89,17414698
2014-05-19,2396.05,2403.23,2388.33,2400.11,14959576
2014-05-20,2403.22,2415.79,2400.99,2410.16,12108182
2014-05-21,2407.53,2416.86,2404.75,2415.23,15007114
2014-05-22,2435.27,2467.66,2429.34,2464.43,23916435
2014-05-23,2469.05,2482.55,2458.67,2465.52,22146485
2014-05-26,2478.36,2487.77,2470.91,2471.98,11186683
2014-05-27,2468.19,2470.18,2454.15,2464.15,14568254
2014-05-28,2463,2472,2441.19,2448.33,12951092
2014-05-29,2445.8,2465.3,2443.18,2465.3,13593296
2014-05-30,2462,2463.62,2429.51,2429.51,39021839
2014-06-02,2438.21,2443.39,2426.05,2440.24,14625044
2014-06-03,2446.33,2460.47,2438.64,2446.42,28513956
2014-06-04,2440.32,2462.12,2435.57,2462.12,17648679
2014-06-05,2467.06,2493.28,2460.42,2480.85,21236925
2014-06-06,2490.9,2498.7,2475.43,2498.7,14567937
2014-06-09,2505.2,2505.3,2480.62,2480.62,12485736
2014-06-10,2488.66,2499.32,2480.63,2499.32,14557108
2014-06-11,2503.01,2504.06,2477.83,2487.51,19224453
2014-06-12,2480.45,2487.21,2466.94,2476.39,11772567
2014-06-13,2475.56,2480.53,2464.27,2471.82,14319825
2014-06-16,2435.63,2450.26,2425.86,2447.01,8665154
2014-06-17,2448.85,2468.39,2448.26,2464.39,21351131
2014-06-18,2469.79,2474.16,2461.51,2462.36,24606561
2014-06-20,2466.57,2471.33,2458.36,2462.13,41106608
2014-06-23,2464.25,2478.84,2460.12,2475.89,18096656
2014-06-24,2474.52,2478.09,2459.77,2459.77,16753634
2014-06-25,2447.18,2451.61,2420.18,2421.1,17549456
2014-06-26,2434.19,2434.79,2397.71,2402.82,14137703
2014-06-27,2399.46,2413.04,2396.91,2399.63,11964944
2014-06-30,2411.65,2415.95,2400.87,2408.81,19888937
2014-07-01,2408.97,2416.19,2399.85,2404.83,13596172
2014-07-02,2402.34,2410.57,2376.6,2381.06,26742757
2014-07-03,2384.41,2389.18,2360.54,2375.52,28877195
2014-07-04,2370.25,2374.82,2363,2363,10845799
2014-07-07,2365.95,2386.83,2364.6,2378.88,12424855
2014-07-08,2386.36,2388.09,2359.47,2360.91,15436299
2014-07-09,2364.92,2365.98,2334.04,2343.39,12113456
2014-07-10,2347.42,2351.04,2317.21,2341.18,24666061
2014-07-11,2343.53,2378.53,2343.53,2372.05,15300371
2014-07-14,2382.61,2390.42,2379.48,2380.36,12218690
2014-07-15,2382.63,2397.79,2376.76,2388.34,11793947
2014-07-16,2390.84,2404.25,2390.84,2397,18283713
2014-07-17,2387.31,2403.13,2378.95,2403.13,14844190
2014-07-18,2386.99,2395.75,2378.58,2393.95,14285847
2014-07-21,2398.1,2400.2,2377.84,2390.31,15595028
2014-07-22,2391.59,2412.34,2390.91,2411.61,18939241
2014-07-23,2408.51,2411.03,2394.27,2402.93,14111012
2014-07-24,2407.35,2413.47,2397.67,2409.2,10619589
2014-07-25,2408.27,2414.92,2400.08,2406.32,19854451
2014-07-28,2408.05,2415.57,2399.93,2399.93,19352628
2014-07-29,2404.23,2413.45,2390.99,2390.99,17900459
2014-07-30,2384.11,2388.51,2344.38,2346.51,18870618
2014-07-31,2346.75,2353.63,2320.08,2320.85,29785237
2014-08-01,2325.31,2347.88,2299.68,2341.91,25392680
2014-08-04,2356.94,2366.92,2345.4,2361.56,19155475
2014-08-05,2367.11,2382.31,2356.34,2369.33,18770981
2014-08-06,2357.93,2363.63,2345.07,2362.27,23809370
2014-08-07,2365.66,2366.83,2325.58,2332.73,22682635
2014-08-08,2312.18,2324.78,2299.13,2315.65,19026091
2014-08-11,2333.64,2351.98,2329,2351.98,15110310
2014-08-12,2343.37,2351.61,2331.47,2349.48,14686481
2014-08-13,2355.74,2381.74,2345.65,2381.74,22945609
2014-08-14,2380.32,2415.76,2371.67,2415.76,23489959
2014-08-18,2415.31,2453.21,2413.91,2448.73,25813534
2014-08-19,2447.78,2456.01,2434.83,2447.99,25962256
2014-08-20,2441,2451.06,2437.94,2451.06,18468978
2014-08-21,2452.81,2459.8,2444.97,2449.87,21757831
2014-08-22,2451.55,2452.07,2432.18,2439.03,16240423
2014-08-25,2448.91,2453.14,2444.38,2449.8,8609774
2014-08-26,2448.8,2473.16,2446.11,2468.76,18128631
2014-08-27,2469.4,2479.74,2459.47,2467.29,14388931
2014-08-28,2459.68,2465.1,2406.61,2421.4,19756742
2014-08-29,2418.86,2431.16,2412.1,2416.97,27054330
2014-09-01,2426.98,2443.14,2424.54,2443.14,12456552
2014-09-02,2453.14,2463.1,2443.83,2463.1,16033476
2014-09-03,2456.29,2521.04,2453.13,2513.96,23369572
2014-09-04,2508.12,2545.59,2506.96,2538.15,22612685
2014-09-05,2534.14,2550.74,2522.84,2541.42,16041251
2014-09-08,2545.58,2559.94,2531.72,2551.47,14604868
2014-09-09,2540.34,2555.57,2535.23,2542.88,13336654
2014-09-10,2536.46,2543.63,2524.77,2536.44,20698722
2014-09-11,2536.01,2546.83,2501.58,2501.58,28647719
2014-09-12,2508.92,2512.24,2497.38,2497.38,17597056
2014-09-15,2470.5,2492.89,2470.08,2489.77,11621615
2014-09-16,2487.26,2506.08,2469.85,2498.48,23409077
2014-09-17,2509.74,2517.46,2505.08,2515.27,13673093
2014-09-18,2510.28,2514.66,2491.46,2503.16,14855000
2014-09-19,2508.65,2544.37,2505.9,2539.6,40248076
2014-09-22,2525.55,2536.81,2515.79,2515.79,12058394
2014-09-23,2520.76,2520.76,2485.29,2485.29,16246589
2014-09-24,2489.81,2500.2,2471.36,2475.05,15832993
2014-09-25,2484.22,2511.34,2464.75,2469.68,12798689
2014-09-26,2465.15,2489.28,2455.57,2484.02,15017190
2014-09-29,2489.39,2510.2,2460.65,2485.51,16791165
2014-09-30,2493.7,2508.43,2485.53,2500.29,24119643
2014-10-01,2490.44,2504.53,2461.32,2462.6,14110834
2014-10-02,2451.13,2451.13,2434.37,2434.37,14235964
2014-10-03,2447.55,2457.39,2444.06,2444.06,11219430
2014-10-06,2458.67,2470.12,2446.89,2446.89,13661872
2014-10-07,2445.08,2449.27,2432.68,2436.39,16292211
2014-10-08,2422.13,2429.26,2409.58,2410.88,21002051
2014-10-09,2433.19,2440.23,2423.27,2424.95,21931642
2014-10-10,2404.85,2415.2,2390.04,2392.62,20954838
2014-10-13,2393.2,2411.59,2391.54,2394.22,16477319
2014-10-14,2397.92,2406.78,2378.64,2402.9,41645848
2014-10-15,2412.23,2416.92,2364.77,2381.76,34449615
2014-10-16,2392.44,2393.34,2353.01,2382.72,26593624
2014-10-17,2386.72,2405.37,2383.76,2401.13,47631936
2014-10-20,2409.26,2410.96,2386.31,2386.61,14222706
2014-10-21,2382.3,2425.13,2379.45,2423.29,19585545
2014-10-22,2436.35,2436.98,2421.36,2429.1,16517812
2014-10-23,2421.51,2442.94,2416.87,2433.84,24373912
2014-10-24,2434.43,2446.49,2421.75,2426.2,17151471
2014-10-27,2443.39,2443.39,2423.5,2437.72,13398616
2014-10-28,2440.36,2456.73,2437.41,2456.73,12257603
2014-10-29,2460.9,2464.38,2440.31,2449.49,17075399
2014-10-30,2443.09,2451.22,2426.11,2441.71,31451489
2014-10-31,2462.75,2471.86,2458.88,2463.68,17606008
2014-11-03,2462.13,2464.8,2453.04,2462.51,12788427
2014-11-04,2452.62,2476.12,2452.62,2462.33,13665637
2014-11-05,2464.12,2475.69,2441.15,2441.56,20790645
2014-11-06,2442.9,2448.12,2427.87,2435.48,12799655
2014-11-07,2430.38,2437.66,2414.14,2417.45,17243838
2014-11-10,2419.73,2421.1,2404.54,2407.05,8609772
2014-11-12,2407.27,2420.28,2402.02,2402.02,15562474
2014-11-13,2407.25,2415.25,2390.21,2393.36,19912635
2014-11-14,2394.32,2419.82,2385.14,2418.4,18948796
2014-11-17,2413.56,2430.47,2412.16,2418.78,13841342
2014-11-18,2421.05,2432.16,2419.51,2431.23,12652759
2014-11-19,2432.9,2433.45,2414.25,2421.67,16768856
2014-11-20,2410.47,2413.09,2392.26,2396.52,17326099
2014-11-21,2400.95,2427.38,2400.42,2418.26,19262780
2014-11-24,2423.67,2438.34,2400.44,2410.65,16588002
2014-11-25,2411.95,2426.15,2398.94,2410.27,27401740
2014-11-26,2412.28,2425.2,2411.77,2420.66,18036071
2014-11-27,2421.24,2429.75,2420.71,2428.35,15040121
2014-11-28,2430.43,2432.64,2415.97,2416.93,17583461
2014-12-01,2404.3,2421.66,2402.78,2417.11,20277277
2014-12-02,2425.24,2447.93,2423.06,2446.32,19099588
2014-12-03,2447.12,2451.09,2441.12,2445.4,13769943
2014-12-04,2448.42,2460.39,2417.21,2417.21,16560889
2014-12-05,2427.19,2446.31,2426.34,2438.42,13569375
2014-12-08,2443.38,2448.37,2425.56,2431.89,14051293
2014-12-09,2420.69,2426.58,2391.86,2398.03,21749520
2014-12-10,2400.29,2407.16,2371.43,2371.43,27592332
2014-12-11,2373.7,2385.1,2363.61,2379.6,21548624
2014-12-12,2379.51,2380.26,2360,2360,19650100
2014-12-15,2359.66,2369.83,2321.57,2321.57,18990256
2014-12-16,2317.17,2319.7,2248.15,2271.27,40279684
2014-12-17,2269.56,2308.1,2264.74,2288.7,26693447
2014-12-18,2315.66,2331.83,2305.91,2330.83,19755213
2014-12-19,2332.84,2333.42,2299.26,2310.88,181625702
2014-12-22,2312.72,2327.31,2307.99,2321.83,14076828
2014-12-23,2317.66,2333.55,2317.51,2323.04,15498752
2014-12-29,2329.12,2332.01,2292.9,2302.59,13856112
2014-12-30,2312.26,2315.94,2292.41,2315.94,19394170
2015-01-02,2323.3,2323.93,2306.4,2309.39,6488816
2015-01-05,2304.64,2307.52,2264.75,2264.75,13523222
2015-01-07,2273.35,2320.4,2267.02,2307.46,22682804
2015-01-08,2317.92,2361.48,2317.92,2361.48,23980907
2015-01-09,2357.49,2360.31,2329.68,2337.21,17742355
2015-01-12,2336.38,2349.43,2317.18,2330.04,12724447
2015-01-13,2327.62,2376.33,2327.62,2367.65,24952088
2015-01-14,2349.17,2351.04,2324.22,2336.66,25656288
2015-01-15,2349.68,2353.28,2259.09,2265.21,51254301
2015-01-16,2254.33,2273.11,2225.93,2252.33,31677863
2015-01-19,2256.97,2265.61,2232.01,2255.12,17609655
2015-01-20,2265.71,2275.27,2242.42,2242.42,18093707
2015-01-21,2249.92,2287.86,2245.26,2287.86,19650634
2015-01-22,2292.99,2326.6,2292.74,2319.45,22915524
2015-01-23,2322.49,2334.65,2315.14,2319.59,21426201
2015-01-26,2305.3,2313.08,2292.12,2307.29,18802479
2015-01-27,2313.16,2332.78,2296.03,2309.86,25613034
2015-01-28,2318.69,2331.89,2296.26,2319.18,28581222
2015-01-29,2321.4,2346.48,2312.8,2340.77,23257585
2015-01-30,2345.43,2350.44,2335.2,2341,19329251
2015-02-02,2344.22,2350.55,2307.78,2330.14,19878774
2015-02-03,2333.87,2343.18,2316.67,2335.42,25637983
2015-02-04,2337,2341.68,2327.49,2341.68,19548860
2015-02-05,2337.47,2341.58,2324.81,2341.58,25220533
2015-02-06,2344.11,2356.42,2340.11,2354.47,24244177
2015-02-09,2347.74,2350.31,2331.72,2339.79,16314590
2015-02-10,2342.25,2351.08,2337.28,2340.12,16131473
2015-02-11,2345.33,2346.36,2321.56,2323.5,33759471
2015-02-12,2329.33,2343.94,2324.38,2338.37,16518635
2015-02-13,2344.81,2346.95,2335.86,2346.95,20392321
2015-02-16,2350.22,2366.45,2350.09,2362,13398963
2015-02-17,2360.91,2368.17,2351.81,2360.31,23939066
2015-02-18,2369.74,2371.42,2346.71,2346.71,17782366
2015-02-19,2351.85,2358.28,2342.45,2348.06,15911448
2015-02-20,2349.94,2355.73,2344.31,2348.94,10019219
2015-02-23,2359.47,2365.58,2354.46,2365.58,19071003
2015-02-24,2364.12,2366.27,2346.3,2363.61,21829065
2015-02-25,2366.87,2369.24,2350.07,2354.65,17863397
2015-02-26,2350.47,2361.01,2345.31,2361.01,19126926
2015-02-27,2361.45,2368.58,2355.17,2367.1,29220424
2015-03-02,2371.78,2373.03,2349.94,2358.25,18661705
2015-03-03,2354.2,2357.91,2323.09,2323.09,18587621
2015-03-04,2323.71,2343.5,2307.09,2338,22087689
2015-03-05,2346.01,2359.92,2346.01,2355.75,36753703
2015-03-06,2358.87,2361.73,2340.36,2345.93,20279946
2015-03-09,2341.26,2357.32,2337.28,2344.12,16926296
2015-03-10,2343.04,2347.52,2312.55,2312.96,18507819
2015-03-11,2317.97,2325.54,2309.01,2325.12,18008719
2015-03-12,2334.7,2336.81,2318.23,2329.81,21028560
2015-03-13,2329.03,2330.76,2297.37,2303.4,19478897
2015-03-16,2306.79,2317.87,2301.25,2311.04,15569266
2015-03-17,2315.57,2339.17,2311.04,2330.39,18068702
2015-03-18,2333.12,2348.91,2332.43,2344.36,18993106
2015-03-19,2352.78,2384.78,2352.78,2384.78,26970392
2015-03-20,2387.65,2411.05,2383.97,2407.7,62999108
2015-03-23,2410.35,2414.39,2393.51,2414.39,11446892
2015-03-24,2405.98,2414.78,2399.83,2412.32,17222941
2015-03-25,2408.49,2413.2,2395.02,2395.4,24951160
2015-03-26,2383.55,2388.93,2372.07,2376.39,17809499
2015-03-27,2379.49,2389.83,2373.18,2373.18,20004263
2015-03-30,2383.57,2400.3,2383.56,2396.44,21727298
2015-03-31,2394.45,2403.11,2384.93,2395.94,21561035
2015-04-01,2390.61,2401.28,2388.15,2392.7,26610466
2015-04-02,2394.37,2400.89,2388.5,2400.65,16434302
2015-04-07,2407.5,2431.6,2405.1,2420.78,18973225
2015-04-08,2422.16,2432.94,2419.01,2424.82,26438088
2015-04-09,2423.81,2441.89,2423.16,2441.89,23136252
2015-04-10,2443.83,2451.52,2434.95,2443.62,21882338
2015-04-13,2441.37,2444.53,2433.4,2442.47,17331609
2015-04-14,2441.59,2442.98,2424.39,2434.89,16019618
2015-04-15,2432.55,2475.59,2432.55,2475.33,23011010
2015-04-16,2476.35,2503.65,2476.35,2503.65,26876279
2015-04-17,2500.19,2512.67,2463.96,2463.96,26266928
2015-04-20,2468.91,2510.26,2468.91,2505.34,20139306
2015-04-21,2513.88,2528.43,2498.52,2509.5,23036827
2015-04-22,2510.36,2526.18,2500.87,2520.38,25191763
2015-04-23,2529.38,2534,2506.45,2522.78,18562326
2015-04-24,2524.02,2531.29,2508.31,2519.2,20853296
2015-04-27,2520.88,2558.58,2518.99,2549.4,27151662
2015-04-28,2547.24,2557.19,2539.8,2548.98,29725213
2015-04-29,2549.16,2556.4,2516.77,2521.57,20020058
2015-04-30,2518.69,2529.38,2508.27,2514.63,24480983
2015-05-04,2519.97,2536.86,2517.05,2523.09,15011444
2015-05-05,2523,2528.14,2499.51,2507.95,16981361
2015-05-06,2503.35,2526.5,2498.76,2524.54,31626814
2015-05-07,2522.86,2527.64,2495.31,2522.61,22015212
2015-05-08,2525.11,2555.79,2525.11,2546.78,21390544
2015-05-11,2546.05,2547.78,2535.1,2535.1,15724407
2015-05-12,2537.79,2542.65,2511.2,2542.65,19826237
2015-05-13,2537.11,2550.84,2533.78,2540.26,26524234
2015-05-14,2535.55,2536.72,2512.65,2513.58,26050244
2015-05-15,2515.54,2528.07,2511.79,2514.84,16032544
2015-05-18,2521.14,2534.16,2515.08,2523.59,12649813
2015-05-19,2525.73,2537.53,2522.17,2523.35,16836283
2015-05-20,2524.07,2524.07,2501.33,2521.07,19657790
2015-05-21,2518.85,2526.83,2508.8,2524.83,14248975
2015-05-22,2522.37,2523.43,2505.41,2516.76,16797959
2015-05-25,2501.45,2501.45,2462.61,2473.17,10242332
2015-05-26,2459.98,2470.04,2447.05,2448.81,19134203
2015-05-27,2451.44,2461.84,2439.99,2460.74,31629509
2015-05-28,2462.81,2463.12,2441.15,2441.15,12683919
2015-05-29,2442.55,2458.64,2437.81,2437.81,32546739
2015-06-01,2441.39,2449.64,2430.1,2437.09,15812182
2015-06-02,2437.04,2437.04,2405.78,2408.73,19200849
2015-06-03,2411.41,2415.52,2386.07,2388.93,20498956
2015-06-05,2387.28,2387.28,2361.62,2365.58,20012361
2015-06-08,2365.68,2375.28,2354.26,2354.26,16424167
2015-06-09,2356.16,2372.94,2338.65,2338.65,22572662
2015-06-10,2339.7,2388.16,2338.84,2384.49,31147838
2015-06-11,2387.95,2393.72,2377.41,2383.87,15525001
2015-06-12,2384.63,2384.63,2358.73,2358.73,12698268
2015-06-15,2353.17,2372.2,2346.76,2358.03,11753851
2015-06-16,2356.77,2363.14,2347.51,2356.77,19961107
2015-06-17,2357.51,2368.57,2316.85,2321.39,22594023
2015-06-18,2315.57,2335.94,2304.33,2334.36,22270912
2015-06-19,2328.66,2331.87,2299.35,2299.35,36441291
2015-06-22,2312.13,2352.58,2312.13,2350.09,13237941
2015-06-23,2355.85,2361.06,2341.26,2341.26,13230143
2015-06-24,2340.37,2352.56,2332.76,2348.97,15123460
2015-06-25,2345.61,2369.41,2344.59,2354.74,19661403
2015-06-26,2352.13,2352.73,2333.82,2333.82,17860316
2015-06-29,2285.5,2303.38,2246.47,2291.23,13901201
2015-06-30,2288.77,2325.34,2283.13,2317.84,24765789
2015-07-01,2320.06,2334.15,2293.03,2293.03,16815203
2015-07-02,2298.5,2307.9,2285.41,2294.37,21034366
2015-07-03,2295.87,2299.45,2264.91,2278.17,8786069
2015-07-06,2263.47,2279.27,2249,2272.09,16300004
2015-07-07,2272.83,2286.31,2218.25,2218.64,18751658
2015-07-08,2219.58,2229.92,2203.06,2216.39,27705184
2015-07-09,2219.76,2230.65,2210.14,2230.65,17056341
2015-07-10,2244.68,2279.19,2240.97,2270.84,19545110
2015-07-13,2275.22,2289.16,2263.44,2269,13054745
2015-07-14,2269.4,2270.06,2247.96,2259.98,13764952
2015-07-15,2262.78,2264.17,2240.78,2257.62,12665003
2015-07-16,2264.61,2298.54,2259.34,2298.54,23860645
2015-07-17,2300.1,2303.66,2281.13,2285.03,15717219
2015-07-20,2282.98,2288.47,2244.3,2244.63,12860028
2015-07-21,2249.27,2257.91,2228.47,2249.67,13729941
2015-07-22,2247.23,2247.23,2182.34,2185.83,21947521
2015-07-23,2175.41,2202.6,2170,2200.84,21952079
2015-07-24,2195.82,2208.43,2183.02,2187.67,18460636
2015-07-27,2190.8,2193.31,2158.69,2189.08,17703450
2015-07-28,2192.86,2209.13,2190.46,2194.24,23563175
2015-07-29,2200.4,2236.2,2192.17,2212.02,20601596
2015-07-30,2216.29,2224.3,2180.6,2188.92,16737609
2015-07-31,2193.59,2227.51,2184.81,2227.51,23598308
2015-08-03,2221.27,2231.97,2216.55,2230.28,9706738
2015-08-04,2228.64,2231.86,2216.04,2227.98,13745311
2015-08-05,2228.26,2258.62,2224.8,2258.62,17294142
2015-08-06,2241.44,2241.44,2188.54,2196.22,30834016
2015-08-07,2196.01,2211.09,2188.72,2196.78,17697221
2015-08-10,2203.61,2222.25,2197.04,2222.25,9704075
2015-08-11,2221.86,2237.35,2212.88,2219.57,16676096
2015-08-12,2217.08,2217.08,2182.62,2200.08,19499134
2015-08-13,2203.68,2226.91,2203.68,2224.74,21532201
2015-08-14,2224.61,2234.45,2193.79,2198.22,17190628
2015-08-17,2200.35,2205.62,2169.82,2174.11,19793654
2015-08-18,2171.63,2179.62,2160.07,2169.59,27974958
2015-08-19,2179.98,2194.79,2167.16,2192.14,33013839
2015-08-20,2189.96,2206.93,2183.58,2200.86,28090266
2015-08-21,2181.55,2196.2,2167.62,2179.73,25955376
2015-08-24,2139.45,2139.45,2014.69,2056.38,43971652
2015-08-25,2053.54,2112.09,2049.22,2070.56,34626691
2015-08-26,2054.43,2082.36,2046.62,2074.49,30960027
2015-08-27,2091.04,2118.29,2091.04,2117.83,28655734
2015-08-28,2126.23,2145.12,2108.53,2145.12,25711607
2015-08-31,2142.45,2163.71,2131.09,2163.71,30147430
2015-09-01,2149,2149,2111.2,2115.75,22296286
2015-09-02,2119.03,2124.52,2106.99,2107.58,22525227
2015-09-03,2115.73,2156.71,2115.73,2155.07,23069834
2015-09-04,2150.62,2153.7,2131.59,2146.47,23980489
2015-09-07,2154.74,2162.86,2132.36,2132.36,10647003
2015-09-08,2137.37,2153.52,2133.73,2135.15,21347789
2015-09-09,2153.54,2168.98,2142.53,2142.53,38263870
2015-09-10,2140.69,2184.96,2139.25,2184.96,27994022
2015-09-11,2185.48,2194.72,2178.8,2185.46,18688839
2015-09-14,2175.24,2183.71,2163.73,2183.05,17630529
2015-09-15,2182.07,2187.22,2170.87,2185.88,20561585
2015-09-16,2187.9,2192.36,2168.89,2181.8,20614117
2015-09-17,2179.71,2202.05,2177.94,2199.46,25985120
2015-09-18,2199.43,2199.43,2148.57,2168.19,38806454
2015-09-21,2166.54,2180.91,2162.07,2178.27,14545431
2015-09-22,2178.38,2181.98,2131.39,2137.88,18530603
2015-09-23,2128.39,2139.45,2102.51,2106.8,19943227
2015-09-24,2110.49,2120.15,2070.21,2082.95,30875339
2015-09-25,2093.29,2107.52,2087.66,2091.73,16956137
2015-09-28,2092.84,2097.68,2054.2,2059.41,13971631
2015-09-29,2031.63,2050.89,2008.92,2043,21979717
2015-09-30,2052.89,2067.06,2042.23,2066.37,28396493
2015-10-01,2074.84,2078.07,2043.05,2049.93,22103759
2015-10-02,2053.15,2061.12,2025.98,2036.32,19857486
2015-10-05,2046.23,2095.95,2046.23,2088.27,22866172
2015-10-06,2089.63,2109.58,2079.12,2102.87,28048020
2015-10-07,2106.04,2116.03,2092.35,2110.39,31225588
2015-10-08,2104,2131.35,2096.24,2126.48,36549968
2015-10-09,2129.49,2147.11,2129.03,2143.28,30482714
2015-10-12,2147.86,2152.93,2125.08,2133.56,24323352
2015-10-13,2129.58,2129.58,2108.16,2123.43,24783626
2015-10-14,2115.39,2136.06,2105.46,2118.97,22690911
2015-10-15,2125.36,2142,2125.36,2136.42,18007766
2015-10-16,2146.31,2152.37,2121.94,2121.94,27072740
2015-10-19,2124.66,2134.36,2107.63,2111.04,17394911
2015-10-20,2108.15,2119.62,2103.26,2116.81,21780592
2015-10-21,2119,2122.06,2100.66,2105.65,23398582
2015-10-22,2101.44,2116.42,2094.4,2106.27,22615245
2015-10-23,2108.45,2123.32,2103.2,2107.43,21303462
2015-10-26,2093.76,2125.08,2087.42,2110.74,21235757
2015-10-27,2108.5,2114.54,2099.7,2113.06,21819019
2015-10-28,2108.61,2108.61,2093.71,2105.63,21015636
2015-10-29,2098.37,2102.64,2054.34,2059.34,25113008
2015-10-30,2059.5,2064.57,2042.72,2060.03,24984430
2015-11-02,2061.56,2081.58,2055,2077.09,14404234
2015-11-03,2079.14,2083.74,2060.15,2061.38,16348212
2015-11-04,2063.18,2082.64,2052.25,2063.08,24750500
2015-11-05,2058.67,2063.97,2041.24,2041.24,18920608
2015-11-06,2040.32,2044.87,2015.31,2019.78,34035532
2015-11-09,2023.65,2028.66,1997.23,2012.97,16219492
2015-11-10,2012.57,2033.2,2004.7,2021.92,31509478
2015-11-12,2029.2,2036.53,2004.3,2013.67,27271477
2015-11-13,2006.62,2011.12,1977.99,1978.87,27606547
2015-11-16,1972.9,1984.91,1960.36,1971.43,21202973
2015-11-17,1973.98,2010.86,1973.98,2007.62,24982435
2015-11-18,2004.13,2026.35,1993.37,2023.98,30613799
2015-11-19,2033.94,2033.94,2005.91,2009.73,20099244
2015-11-20,2011.7,2025.06,2009.4,2021.99,14542601
2015-11-23,2018.63,2018.63,1959.84,1982.57,24843759
2015-11-24,1983.03,1984.11,1929.84,1943.99,24322732
2015-11-25,1947.12,1964.07,1934.58,1943.3,29961611
2015-11-26,1945.77,1964.64,1944.45,1963.89,23064326
2015-11-27,1962.26,1962.26,1931.3,1936.05,21118866
2015-11-30,1934.54,1943.86,1919.88,1925.72,55787549
2015-12-01,1930.2,1944.65,1918.39,1923.94,23611785
2015-12-02,1921.82,1924.12,1875.13,1886.5,29987880
2015-12-03,1884.46,1902.1,1862.52,1867.96,50215218
2015-12-04,1858.4,1868.24,1807.89,1868.24,48502128
2015-12-07,1870.57,1890.72,1863.06,1864.92,27718281
2015-12-08,1862.91,1877.22,1811.23,1814.88,39020658
2015-12-09,1816.59,1823.34,1769.6,1773.21,41043216
2015-12-10,1775.94,1810.02,1775.94,1798.86,44502060
2015-12-11,1811.51,1825.03,1755.66,1757.37,40775355
2015-12-14,1759.14,1769.51,1745.97,1754.74,24707975
2015-12-15,1757.73,1778.37,1757.42,1771.99,25409799
2015-12-16,1775.68,1811.64,1770.59,1803.68,27975042
2015-12-17,1808.52,1864.69,1808.52,1840.57,51906163
2015-12-18,1832.7,1869.75,1825.35,1858.87,54211142
2015-12-21,1854.45,1877.28,1851,1866.19,20335365
2015-12-22,1866.89,1876.86,1854.5,1873.78,23429029
2015-12-23,1880.5,1887.49,1873.16,1879.75,13306194
2015-12-28,1874.62,1881.95,1869.91,1876.33,11719511
2015-12-29,1879.39,1907.91,1879.39,1893.32,15185090
2015-12-30,1891.75,1899.6,1858.61,1859.15,21178765
2016-01-04,1832.4,1832.4,1799.78,1804.42,14419432
2016-01-05,1811.27,1819.82,1777,1792.01,21412543
2016-01-07,1763.59,1766.85,1739.78,1745.46,35999729
2016-01-08,1750.93,1758.19,1715.08,1725.14,27068293
2016-01-11,1721.38,1727.15,1698.68,1703.78,25412325
2016-01-12,1712.16,1756.44,1712.16,1750.51,24733218
2016-01-13,1758.21,1784.09,1756.88,1772.48,32210931
2016-01-14,1760.5,1776.96,1737.47,1776.96,27293255
2016-01-15,1766.35,1769.67,1734.87,1734.87,24939045
2016-01-18,1712.35,1725.11,1678.78,1679.22,23640914
2016-01-19,1694.97,1716.76,1692.52,1692.52,27634730
2016-01-20,1680.19,1711.54,1657.66,1674.57,47927611
2016-01-21,1682.42,1710.2,1657.43,1683.81,31212679
2016-01-22,1696.79,1730.1,1696.79,1727.22,39486358
2016-01-25,1730.44,1738.16,1716.86,1729.62,23915455
2016-01-26,1714.31,1728.32,1705.89,1713.36,24097910
2016-01-27,1710.66,1728.84,1710.66,1728.84,23466826
2016-01-28,1726.3,1764.45,1726.3,1755.39,29664936
2016-01-29,1763.09,1780.25,1756.04,1780.25,37473738
2016-02-01,1781.67,1781.67,1760.71,1777.54,19575274
2016-02-02,1776.26,1779.17,1730.19,1731.64,23276219
2016-02-03,1734.44,1750.02,1726.09,1739.08,28150374
2016-02-04,1748.87,1788.65,1748.87,1788.65,30935987
2016-02-05,1789.26,1805.25,1782.58,1790.87,22589405
2016-02-08,1790.32,1792.73,1759.2,1769.71,15482765
2016-02-09,1766.02,1774.76,1746.44,1767.45,22512195
2016-02-10,1772.4,1792.1,1760.99,1760.99,27082604
2016-02-11,1759.51,1766.82,1730.66,1758.93,23386135
2016-02-12,1758.1,1782.03,1757.28,1765.53,16903963
2016-02-15,1780.23,1798.25,1779.97,1787.98,20103394
2016-02-16,1788.14,1791.3,1765.47,1783.93,28757370
2016-02-17,1786.14,1847.95,1786.14,1847.95,49637274
2016-02-18,1847,1878.14,1841.81,1853.76,38640992
2016-02-19,1848.09,1852.98,1835.19,1841.06,25894488
2016-02-22,1849.6,1881.08,1849.6,1859.73,20065091
2016-02-23,1847.9,1862.13,1838.35,1844.96,17830717
2016-02-24,1844.44,1849.03,1814.33,1818.37,24677157
2016-02-25,1826.34,1844.88,1822.54,1838.17,20829357
2016-02-26,1845.08,1863.49,1841.55,1844.57,26534447
2016-02-29,1836.93,1837.34,1811.86,1824.08,29883602
2016-03-01,1826.93,1830.34,1796.24,1825.07,23048721
2016-03-02,1830.28,1841.9,1807.12,1825.15,23430629
2016-03-03,1828.14,1877.15,1823.13,1877.15,34229092
2016-03-04,1877.6,1882.83,1859.5,1873.51,32702184
2016-03-07,1874.03,1895.41,1868.64,1895.41,30467024
2016-03-08,1887.19,1895.33,1868.78,1876.49,26705895
2016-03-09,1875.09,1879.48,1864.88,1878.59,24337555
2016-03-10,1876.34,1907.36,1873.47,1887.31,31157423
2016-03-11,1892.86,1917.7,1892.86,1910.87,22296727
2016-03-14,1917.09,1928.37,1902.88,1913.83,26634087
2016-03-15,1909.88,1915.57,1899.85,1906.08,23379104
2016-03-16,1909.6,1916.39,1891.13,1905.69,38327611
2016-03-17,1907.65,1951.48,1907.65,1944.21,41311318
2016-03-18,1944.75,1962.89,1939.05,1961.97,62647362
2016-03-21,1951.9,1957.67,1939.5,1952.63,29443472
2016-03-22,1948.94,1962.98,1932.53,1962.98,31455371
2016-03-23,1959.07,1969.36,1926.23,1935.61,28894904
2016-03-24,1933.12,1936.19,1912.07,1936.19,20956964
2016-03-29,1939.41,1959.9,1939.41,1953.84,23640886
2016-03-30,1962.38,1999.93,1962.28,1999.93,27564463
2016-03-31,1982.94,1997.69,1976.64,1997.69,34092958
2016-04-01,1985.37,1986.04,1959.62,1973.24,21802963
2016-04-04,1970.39,1988.78,1962.47,1986.14,14421926
2016-04-05,1976.23,1976.23,1933.84,1933.84,28318298
2016-04-06,1939.74,1943.44,1911.1,1919.59,22714383
2016-04-07,1928.52,1936.31,1892.25,1905.1,24307733
2016-04-08,1911.93,1920.37,1901.55,1919.42,18462986
2016-04-11,1919.03,1932.79,1907.85,1914.22,13902684
2016-04-12,1915.38,1917.61,1891.76,1907.72,13635001
2016-04-13,1918.51,1947.49,1918.51,1944.36,23013624
2016-04-14,1941.15,1954.76,1935.69,1951.75,20929065
2016-04-15,1952.47,1952.8,1928.14,1939.95,16926921
2016-04-18,1932.52,1946.34,1919.54,1946.34,18247628
2016-04-19,1946.09,1969.91,1946.09,1964.84,19421788
2016-04-20,1963.66,1965.73,1949.13,1962.88,24784806
2016-04-21,1966.84,1973.01,1938.82,1950.38,23388845
2016-04-22,1949.6,1951.47,1928.02,1943.03,19990609
2016-04-25,1940.55,1940.55,1917.29,1925.34,11722347
2016-04-26,1925.44,1931.05,1911.12,1916.35,20736974
2016-04-27,1913.09,1921.03,1887.83,1892.48,15019626
2016-04-28,1885.19,1900.33,1875.46,1897.98,20045380
2016-04-29,1899.32,1899.32,1878.9,1896.64,24487908
2016-05-02,1898.93,1914.12,1890.59,1899.72,6981530
2016-05-04,1890.87,1893.4,1859.68,1865.25,29677624
2016-05-05,1865.17,1865.17,1836.01,1837.71,18263349
2016-05-06,1838.83,1860.42,1827.42,1852.71,20075988
2016-05-09,1859.84,1861.17,1845.74,1848.45,21198631
2016-05-10,1845.54,1854.26,1818.34,1825.17,23851992
2016-05-11,1823.5,1830.58,1814.43,1818.02,23944451
2016-05-12,1817.25,1837.1,1812.61,1816.09,18599840
2016-05-13,1812.82,1829.07,1807.73,1815.38,16611967
2016-05-16,1829.37,1861.37,1829.37,1853.78,18574375
2016-05-17,1859.85,1872.99,1845.88,1846.5,28224518
2016-05-18,1845.98,1853.37,1832.42,1841.84,23707100
2016-05-19,1844.07,1844.07,1796.24,1799.9,25633235
2016-05-20,1800.76,1815.41,1789.92,1806.38,22378417
2016-05-23,1805.88,1824.78,1796.31,1818.97,19284440
2016-05-24,1817.47,1836.71,1811.7,1831.15,29141891
2016-05-25,1837.25,1860.4,1837.25,1849.27,27794939
2016-05-27,1849.78,1856.87,1839.22,1839.22,23791564
2016-05-30,1840.91,1848.66,1830.39,1841.79,10150022
2016-05-31,1844.22,1853.41,1808.24,1808.24,44853888
2016-06-01,1809.97,1809.97,1753.86,1759.49,30309580
2016-06-02,1759.87,1773.76,1748.22,1762.28,28050409
2016-06-03,1760.19,1797.04,1759.44,1793.43,30957813
2016-06-06,1797.23,1806.95,1780.55,1797.27,13358589
2016-06-07,1799.46,1834.41,1799.46,1832.79,24797013
2016-06-08,1833.06,1852.85,1811.33,1843.85,30757362
2016-06-09,1842.55,1844.58,1811.8,1814.14,22305032
2016-06-10,1815.5,1816.92,1777.73,1782.02,19772489
2016-06-13,1770.85,1783.55,1756.42,1780.01,16459219
2016-06-14,1777.15,1777.15,1749.29,1762.61,23034060
2016-06-15,1766.96,1779.14,1762.91,1772.91,25163389
2016-06-16,1758.15,1758.15,1723.35,1733.48,43629406
2016-06-17,1739.54,1755.92,1739.54,1754.45,44141609
2016-06-20,1764.76,1798.82,1764.76,1793.83,21984662
2016-06-21,1775.08,1802.61,1767.87,1802.61,29700988
2016-06-22,1801.47,1824.42,1791.52,1823.03,32099906
2016-06-23,1820.28,1853.71,1814.28,1853.71,27409035
2016-06-24,1676.13,1770.02,1641.85,1769.67,38264012
2016-06-27,1759.88,1761.63,1732.19,1732.19,28335886
2016-06-28,1753.04,1762.69,1739.3,1751.81,59349074
2016-06-29,1756.86,1762.05,1743.01,1756.2,36017509
2016-06-30,1751.77,1755.82,1735.15,1750.69,40410293
2016-07-01,1756.47,1762.69,1730.44,1744.56,25212727
2016-07-04,1728.89,1735.41,1697.33,1724.5,25854471
2016-07-05,1722.62,1731.95,1715.95,1715.95,21400218
2016-07-06,1716.3,1717.4,1686.81,1689.92,30206406
2016-07-07,1697.51,1726.74,1697.51,1713.51,25925571
2016-07-08,1714.84,1723.86,1705.43,1705.43,22335027
2016-07-11,1719.81,1745.43,1719.81,1745.43,27389933
2016-07-12,1747.85,1763.54,1744.51,1754.38,30344550
2016-07-13,1747.31,1761.65,1736.2,1744.15,40462314
2016-07-14,1740.03,1746.53,1729.82,1745.34,27884605
2016-07-15,1746.76,1768.15,1743.03,1759.41,31272389
2016-07-18,1764.85,1792.32,1763.65,1788.12,22155808
2016-07-19,1787.4,1792.47,1774.74,1792.47,20094927
2016-07-20,1797.25,1800.65,1785.65,1800.41,19950251
2016-07-21,1800.15,1804.13,1791.87,1803.68,17699161
2016-07-22,1800.87,1800.87,1784.74,1792.97,18179805
2016-07-25,1798.64,1819.01,1798.64,1814.75,19084125
2016-07-26,1812.16,1812.48,1798.27,1803.96,19907267
2016-07-27,1800.65,1803.09,1786.66,1797.63,26953620
2016-07-28,1791.55,1797.62,1783.83,1788.51,24756841
2016-07-29,1792.92,1792.92,1756.72,1759.74,33090872
2016-08-01,1760.37,1773.96,1749.18,1762.12,17905596
2016-08-02,1777.79,1819.49,1775.63,1803.63,45079529
2016-08-03,1806.56,1810.12,1787.69,1790.09,21685141
2016-08-04,1791.12,1820.24,1791.12,1820.24,27454303
2016-08-05,1822.66,1828.79,1811.16,1825.45,16313578
2016-08-08,1828.23,1838.91,1826.49,1837.05,14873997
2016-08-09,1836.65,1850.53,1823.54,1847.15,19893467
2016-08-10,1845.78,1852.54,1838.78,1852.54,15769572
2016-08-11,1850.84,1864.93,1844.97,1864.7,21004519
2016-08-12,1863.79,1869.53,1854.84,1857.7,17061713
2016-08-16,1856.22,1856.76,1844.83,1846.86,19976478
2016-08-17,1847.28,1848.64,1821.22,1824.4,22443445
2016-08-18,1824.61,1830.47,1808.68,1821.01,20970661
2016-08-19,1824.95,1825.89,1797.51,1800.17,21534424
2016-08-22,1799.87,1811.69,1793.96,1800.34,17945573
2016-08-23,1793.48,1804.55,1779.58,1790.6,27656461
2016-08-24,1787.89,1792.4,1774.07,1786.32,25219854
2016-08-25,1788.99,1788.99,1773.67,1781.68,19845032
2016-08-26,1783.26,1784.47,1772.7,1775.9,15736982
2016-08-29,1772.66,1782.1,1770.56,1777.35,11954990
2016-08-30,1776.41,1802.87,1771.51,1798.23,23204767
2016-08-31,1797.35,1797.35,1788.79,1793.56,30390256
2016-09-01,1796.61,1803.95,1759.68,1761.68,28885190
2016-09-02,1760.27,1769.58,1753.65,1767.55,23937763
2016-09-05,1770.85,1794.5,1770.72,1788.02,25949091
2016-09-06,1792.02,1799.76,1774.73,1790.83,25532959
2016-09-07,1792.71,1815.28,1792.71,1810.02,24691627
2016-09-08,1811.76,1818.94,1789.59,1793.48,24962631
2016-09-09,1792.55,1792.62,1753.12,1754.12,22607907
2016-09-12,1746.6,1746.6,1710.61,1731.37,24285483
2016-09-13,1736.54,1745.4,1718.56,1727.69,29377225
2016-09-14,1730.91,1742.23,1725.57,1736.68,15305726
2016-09-15,1736.24,1745.97,1735.85,1745.97,15236315
2016-09-16,1745.2,1747.91,1734.17,1734.26,37827541
2016-09-19,1740.57,1761.7,1740.57,1749.78,18818511
2016-09-20,1748.71,1755.59,1741.64,1755.59,19570101
2016-09-21,1755.52,1761.41,1753.22,1758.47,23702393
2016-09-22,1762.09,1776.22,1748.65,1776.22,59119257
2016-09-23,1774.4,1774.4,1748.18,1762.48,31636193
2016-09-26,1756.5,1756.5,1730.04,1740.05,20590324
2016-09-27,1741.68,1743.86,1716.97,1732.81,25569684
2016-09-28,1734.12,1743.4,1728.35,1734.59,27823162
2016-09-29,1730.66,1735.49,1715.78,1730.45,23435359
2016-09-30,1723.24,1732.52,1709.51,1709.51,32979844
2016-10-03,1713.16,1728.59,1711.02,1725.44,16792867
2016-10-04,1728.57,1756.87,1728.57,1754.04,31050839
2016-10-05,1755.28,1769.2,1743.5,1762.23,32012545
2016-10-06,1762.95,1763.83,1750.87,1761.9,28436818
2016-10-07,1762.35,1762.35,1748.3,1751.72,26918222
2016-10-10,1757.71,1769.84,1755.77,1765.95,16023786
2016-10-11,1767.37,1770.34,1754.76,1757.04,21130370
2016-10-12,1753.78,1760.43,1743.75,1760.43,23215244
2016-10-13,1751.92,1751.92,1726.8,1727.55,29480532
2016-10-14,1732.81,1737.65,1719.64,1719.64,20419679
2016-10-17,1717.26,1728.36,1711.92,1714.2,23655188
2016-10-18,1720.14,1731.22,1711.86,1721.21,29062782
2016-10-19,1722.43,1750.44,1720.63,1744.53,41470961
2016-10-20,1751.16,1758.76,1747.85,1748.99,26821799
2016-10-21,1751.18,1760.14,1749.32,1752.25,27484727
2016-10-24,1753.46,1784.95,1753.46,1782.79,22769939
2016-10-25,1782.68,1800,1782.68,1785.59,32360213
2016-10-26,1785.14,1790.94,1771.44,1779.73,25294669
2016-10-27,1780.78,1798.42,1779.74,1795.33,32624860
2016-10-28,1795.14,1817.79,1783.82,1817.79,28725951
2016-10-31,1816.88,1831.49,1809.89,1814.66,27833606
2016-11-02,1804.87,1804.87,1759.01,1765.62,40381546
2016-11-03,1764.66,1773.49,1756.86,1767.37,32701997
2016-11-04,1765.48,1766.13,1757.07,1758.22,17564259
2016-11-07,1773.16,1788.47,1755.4,1761.79,25201503
2016-11-08,1767.24,1783.22,1767.24,1783.22,20600260
2016-11-09,1761.64,1790.66,1748.46,1790.66,26990388
2016-11-10,1800.19,1831.76,1796.75,1796.75,44102443
2016-11-14,1794.23,1805.3,1753.86,1753.86,41094272
2016-11-15,1757.25,1767.71,1746.95,1754.02,36263626
2016-11-16,1757.61,1769.29,1750.08,1758.54,33527644
2016-11-17,1761.95,1766.31,1739.73,1742.39,23768387
2016-11-18,1736.82,1741.6,1717.55,1725.74,24377592
2016-11-21,1731.39,1757.81,1731.39,1756.35,31942158
2016-11-22,1765.41,1779.86,1765.41,1775.66,27841299
2016-11-23,1772.69,1796.63,1772.66,1796.63,34561177
2016-11-24,1798,1811.99,1795.48,1807.27,19371914
2016-11-25,1810.46,1812.8,1785.16,1796.3,30842716
2016-11-28,1794.64,1796.61,1774.67,1776.3,24655191
2016-11-29,1777.84,1785.08,1771.13,1780.04,29194098
2016-11-30,1783.45,1808.78,1783.06,1798.22,80903768
2016-12-01,1802.89,1802.89,1781.72,1783.94,28044975
2016-12-02,1787.79,1790.9,1777.56,1783.57,26538153
2016-12-05,1788.93,1845.66,1788.93,1845.66,24302885
2016-12-06,1846.82,1878.76,1843.64,1876.56,36975575
2016-12-07,1877.73,1900.64,1874.68,1889.51,53037801
2016-12-08,1898.82,1924.22,1885.42,1921.08,58329246
2016-12-09,1916.66,1918.27,1888.59,1899.76,44104028
2016-12-12,1904.31,1904.52,1875.67,1882.58,26640178
2016-12-13,1886.78,1919.67,1885.2,1919.49,39882380
2016-12-14,1917.77,1935.51,1904.54,1934.87,41191584
2016-12-15,1931.36,1932.39,1909.35,1911.16,23926034
2016-12-16,1913.05,1927.9,1903.57,1918.54,59526031
2016-12-19,1915.46,1929.48,1893.02,1924.67,28448920
2016-12-20,1929.47,1948.4,1929.47,1940.46,36354598
2016-12-21,1941.74,1952.86,1925.43,1927.9,26558440
2016-12-22,1927.7,1944.84,1914.23,1943.73,25241792
2016-12-23,1942.49,1955.42,1927.03,1933.6,12806768
2016-12-27,1933.1,1939.56,1930.21,1936.72,6557708
2016-12-28,1935.38,1945.77,1924.02,1932.75,18109174
2016-12-29,1934.69,1946.32,1931.44,1946.32,15662597
2016-12-30,1948.89,1957.17,1945.23,1947.92,16145079
